batch_size,distributed,world_size,total_time,avg_step_time,throughput,total_max_gpu_memory,final_loss
120000,True,2,1249.3420712947845,1.2477847864627838,0.8004212961175852,0.018865585327148438,0.0771571695804596
24000,True,2,634.0171830654144,0.6324943537712098,1.5772443187818546,0.017525672912597656,0.06943707168102264
12000,True,2,573.3004066944122,0.5716368355751038,1.7442862211905468,0.01707744598388672,0.08007471263408661
8000,True,2,516.231614112854,0.5140503721237183,1.9371149938550427,0.01692962646484375,0.07483137398958206
4000,True,2,489.90981793403625,0.48800886845588687,2.0411919977783435,0.01678180694580078,0.08749207109212875
2000,True,2,310.91024708747864,0.3086622934341431,3.216362308311559,0.01670551300048828,0.07678554952144623
